AlgeriaKM110;1748
ArgentinaKM35;2594
ArgentinaKM41;3248
ArgentinaKM47;3250
ArgentinaKM47a;8075
ArgentinaKM48;3253
ArgentinaKM52;4132
ArgentinaKM49;3258
ArgentinaKM57;2818
ArgentinaKM57;2818
ArgentinaKM58;3262
ArgentinaKM59;1015
ArgentinaKM59;1015
ArgentinaKM60;955
ArgentinaKM60;955
ArgentinaKM60;955
ArgentinaKM61;5190
ArgentinaKM64;3236
ArgentinaKM69;5227
ArgentinaKM71;5228
ArgentinaKM72;5229
ArgentinaKM72;5229
ArgentinaKM85;5237
ArgentinaKM85a;8117
ArgentinaKM96;3522
ArgentinaKM97;3245
ArgentinaKM98;2819
ArgentinaKM99;3261
ArgentinaKM100;3264
ArgentinaKM101;5244
ArgentinaKM102;5245
ArgentinaKM102;5245
ArgentinaKM105;5248
ArgentinaKM108;3237
ArgentinaKM113;3238
ArgentinaKM113;3238
ArgentinaKM109;3246
ArgentinaKM109;3246
ArgentinaKM109;3246
ArgentinaKM109a;6758
ArgentinaKM109a;6758
ArgentinaKM109a;6758
ArgentinaKM109a;6758
ArgentinaKM109a;6758
ArgentinaKM109b;21116
ArgentinaKM107;2214
ArgentinaKM107;2214
ArgentinaKM107;2214
ArgentinaKM107;2214
ArgentinaKM107;2214
ArgentinaKM107;2214
ArgentinaKM107;2214
ArgentinaKM107;2214
ArgentinaKM107;2214
ArgentinaKM107;2214
ArgentinaKM107a;21115
ArgentinaKM107a;21115
ArgentinaKM107a;21115
ArgentinaKM110;3256
ArgentinaKM110;3256
ArgentinaKM110;3256
ArgentinaKM110;3256
ArgentinaKM110;3256
ArgentinaKM110;3256
ArgentinaKM110a;2216
ArgentinaKM110a;2216
ArgentinaKM110a;2216
ArgentinaKM110a;2216
ArgentinaKM110a;2216
ArgentinaKM110a;2216
ArgentinaKM110a;2216
ArgentinaKM110a;2216
ArgentinaKM110a;2216
ArgentinaKM110a;2216
ArgentinaKM110a;2216
ArgentinaKM111;2297
ArgentinaKM111;2297
ArgentinaKM111;2297
ArgentinaKM111;2297
ArgentinaKM111;2297
ArgentinaKM111;2297
ArgentinaKM111;2297
ArgentinaKM111;2297
ArgentinaKM111;2297
ArgentinaKM111;2297
ArgentinaKM111;2297
ArgentinaKM111;2297
ArgentinaKM119;11420
ArgentinaKM121;8596
ArgentinaKM124;8595
ArgentinaKM129;10146
ArgentinaKM130;15957
ArgentinaKM112;2217
ArgentinaKM112;2217
ArgentinaKM112;2217
ArgentinaKM112;2217
ArgentinaKM112;2217
ArgentinaKM112;2217
ArgentinaKM112;2217
ArgentinaKM112;2217
ArgentinaKM112;2217
ArgentinaKM112;2217
ArgentinaKM112;2217
ArgentinaKM112;2217
ArgentinaKM112;2217
ArgentinaKM112;2217
ArgentinaKM112;2217
ArgentinaKM112;2217
ArgentinaKM112;2217
ArgentinaKM120;8597
ArgentinaKM122;8598
ArgentinaKM156;13049
ArgentinaKM156;13049
ArgentinaKM157;13050
ArgentinaKM157;13050
ArgentinaKM158;11625
ArgentinaKM159;11624
ArgentinaKM160;12950
ArgentinaKM112.4;46419
Argentina;131212
Argentina;131212
ArgentinaKM128;14515
ArgentinaKM161;9334
ArgentinaKM162;13051
ArgentinaKM165;27528
ArgentinaKM165;27528
ArgentinaKM165;27528
ArgentinaKM165;27528
ArgentinaKM165;27528
ArgentinaKM165;27528
ArgentinaKM176;37744
ArgentinaKM184;89870
ArgentinaKM115;8572
Argentina;131213
ArubaKM1;5589
ArubaKM2;5349
ArubaKM3;902
ArubaKM3;902
ArubaKM3;902
ArubaKM4;6840
ArubaKM5;6433
ArubaKM5;6433
ArubaKM5;6433
AustraliaKM62;1559
AustraliaKM401;1566
AustraliaKM403;1702
AustraliaKM403;1702
AustraliaKM404;8327
AustraliaKM101;1568
AustriaKM2876;745
AustriaKM2878;654
AustriaKM2886;740
AustriaKM2886;740
AustriaKM2889a;742
AustriaKM3082;57
AustriaKM3083;58
AustriaKM3083;58
AustriaKM3084;59
AustriaKM3084;59
AustriaKM3085;60
AustriaKM3085;60
AustriaKM3088;63
BelarusKM567;86729
BelgiumKM112;5561
BelgiumKM147;748
BelgiumKM149;752
BelgiumKM170;1245
BelgiumKM187;1247
BelgiumKM164;1250
BelgiumKM189;1253
BelgiumKM159;760
BelgiumKM160;753
BelgiumKM224;73
BelgiumKM295;6298
BelgiumKM331;56030
BelgiumKM225;78
BelgiumKM296;6300
BelgiumKM332;56031
BelgiumKM226;74
BelgiumKM227;75
BelgiumKM334;56033
BelgiumKM299;6303
BelgiumKM299;6303
BelgiumKM229;76
BelgiumKM229;76
BelgiumKM231;80
BoliviaKM180;4904
BoliviaKM182a;4901
BoliviaKM193;4906
BoliviaKM192;3226
BoliviaKM192;3226
BoliviaKM203;3223
BoliviaKM204;3225
BoliviaKM205;3228
BoliviaKM217;18053
BoliviaKM218;18054
BoliviaKM218;18054
BosniaandHerzegovinaKM116;2692
BrazilKM490;9634
BrazilKM516;9635
BrazilKM491;10864
BrazilKM482;3877
BrazilKM517;6774
BrazilKM517;6774
BrazilKM517;6774
BrazilKM477;2251
BrazilKM492;15321
BrazilKM492;15321
BrazilKM492;15321
BrazilKM492;15321
BrazilKM492;15321
BrazilKM492;15321
BrazilKM492;15321
BrazilKM492;15321
BrazilKM492;15321
BrazilKM503;4333
BrazilKM503;4333
BrazilKM518;4040
BrazilKM518;4040
BrazilKM518;4040
BrazilKM518;4040
BrazilKM518;4040
BrazilKM518;4040
BrazilKM518;4040
BrazilKM518;4040
BrazilKM518;4040
BrazilKM518;4040
BrazilKM518;4040
BrazilKM518;4040
BrazilKM518;4040
BrazilKM518;4040
BrazilKM518;4040
BrazilKM518;4040
BrazilKM518;4040
BrazilKM518;4040
BrazilKM527;10308
BrazilKM536;9077
BrazilKM536;9077
BrazilKM536;9077
BrazilKM536;9077
BrazilKM536;9077
BrazilKM544;10242
BrazilKM544;10242
BrazilKM544;10242
BrazilKM544;10242
BrazilKM544;10242
BrazilKM484;3880
BrazilKM493;4332
BrazilKM493;4332
BrazilKM493;4332
BrazilKM493;4332
BrazilKM493;4332
BrazilKM493;4332
BrazilKM493;4332
BrazilKM493;4332
BrazilKM493;4332
BrazilKM504;6440
BrazilKM504;6440
BrazilKM519;4334
BrazilKM519;4334
BrazilKM519;4334
BrazilKM519;4334
BrazilKM519;4334
BrazilKM519;4334
BrazilKM519;4334
BrazilKM519;4334
BrazilKM519;4334
BrazilKM519;4334
BrazilKM519;4334
BrazilKM519;4334
BrazilKM519;4334
BrazilKM519;4334
BrazilKM519;4334
BrazilKM519;4334
BrazilKM519;4334
BrazilKM528;14480
BrazilKM537;2245
BrazilKM537;2245
BrazilKM537;2245
BrazilKM537;2245
BrazilKM537;2245
BrazilKM545;9636
BrazilKM545;9636
BrazilKM545;9636
BrazilKM545;9636
BrazilKM538;2250
BrazilKM538;2250
BrazilKM538;2250
BrazilKM546;5377
BrazilKM546;5377
BrazilKM546;5377
BrazilKM546;5377
BrazilKM546;5377
BrazilKM505;6773
BrazilKM505;6773
BrazilKM520;6775
BrazilKM520;6775
BrazilKM520;6775
BrazilKM520;6775
BrazilKM520;6775
BrazilKM520;6775
BrazilKM520;6775
BrazilKM520;6775
BrazilKM520;6775
BrazilKM520;6775
BrazilKM520;6775
BrazilKM520;6775
BrazilKM520;6775
BrazilKM520;6775
BrazilKM529;10309
BrazilKM539;2244
BrazilKM539;2244
BrazilKM539;2244
BrazilKM539;2244
BrazilKM547;2249
BrazilKM547;2249
BrazilKM547;2249
BrazilKM547;2249
BrazilKM506;10104
BrazilKM512;14153
BrazilKM521;9366
BrazilKM521;9366
BrazilKM524;10105
BrazilKM524;10105
BrazilKM524;10105
BrazilKM540;10708
BrazilKM540;10708
BrazilKM540;10708
BrazilKM549;10709
BrazilKM522;900
BrazilKM525;6132
BrazilKM525;6132
BrazilKM525;6132
BrazilKM525;6132
BrazilKM525;6132
BrazilKM525;6132
BrazilKM525;6132
BrazilKM534;14488
BrazilKM541;11487
BrazilKM541;11487
BrazilKM541;11487
BrazilKM541;11487
BrazilKM550;7059
BrazilKM550;7059
BrazilKM523;14491
BrazilKM523a;14773
BrazilKM526;6131
BrazilKM535;14493
BrazilKM542;14494
BrazilKM548;9367
BrazilKM551;6776
BrazilKM555;20883
BrazilKM555;20883
BrazilKM555a.1;10251
BrazilKM555a.1;10251
BrazilKM555a.1;10251
BrazilKM555a.1;10251
BrazilKM555a.1;10251
BrazilKM555a.1;10251
BrazilKM561;6792
BrazilKM561;6792
BrazilKM561;6792
BrazilKM561;6792
BrazilKM561;6792
BrazilKM561;6792
BrazilKM561;6792
BrazilKM561;6792
BrazilKM561;6792
BrazilKM561;6792
BrazilKM564;9368
BrazilKM564;9368
BrazilKM564;9368
BrazilKM564;9368
BrazilKM564;9368
BrazilKM556;14496
BrazilKM556;14496
BrazilKM556a;5378
BrazilKM556a;5378
BrazilKM556a;5378
BrazilKM556a;5378
BrazilKM556a;5378
BrazilKM556a;5378
BrazilKM556a;5378
BrazilKM556a;5378
BrazilKM556a;5378
BrazilKM562;5379
BrazilKM562;5379
BrazilKM562;5379
BrazilKM562;5379
BrazilKM562;5379
BrazilKM562;5379
BrazilKM562;5379
BrazilKM562;5379
BrazilKM562;5379
BrazilKM562;5379
BrazilKM562;5379
BrazilKM562;5379
BrazilKM565;6060
BrazilKM565;6060
BrazilKM565;6060
BrazilKM557;14497
BrazilKM557;14497
BrazilKM557a;4896
BrazilKM557a;4896
BrazilKM557a;4896
BrazilKM557a;4896
BrazilKM557a;4896
BrazilKM563;5380
BrazilKM563;5380
BrazilKM563;5380
BrazilKM563;5380
BrazilKM563;5380
BrazilKM563;5380
BrazilKM563;5380
BrazilKM563;5380
BrazilKM563;5380
BrazilKM563;5380
BrazilKM563;5380
BrazilKM566;4041
BrazilKM569;7874
BrazilKM569;7874
BrazilKM569;7874
BrazilKM569;7874
BrazilKM569;7874
BrazilKM558;957
BrazilKM558;957
BrazilKM558;957
BrazilKM558;957
BrazilKM558;957
BrazilKM558;957
BrazilKM558;957
BrazilKM558;957
BrazilKM558;957
BrazilKM558;957
BrazilKM558;957
BrazilKM558;957
BrazilKM558;957
BrazilKM558;957
BrazilKM558;957
BrazilKM558;957
BrazilKM567;6793
BrazilKM567;6793
BrazilKM570;8195
BrazilKM570;8195
BrazilKM570;8195
BrazilKM570;8195
BrazilKM570;8195
BrazilKM559;1018
BrazilKM559;1018
BrazilKM559;1018
BrazilKM559;1018
BrazilKM559;1018
BrazilKM559;1018
BrazilKM559;1018
BrazilKM559;1018
BrazilKM559;1018
BrazilKM559;1018
BrazilKM559;1018
BrazilKM559;1018
BrazilKM568;25127
BrazilKM571;5381
BrazilKM571;5381
BrazilKM571;5381
BrazilKM571;5381
BrazilKM571;5381
BrazilKM560;14498
BrazilKM560;14498
BrazilKM572;9369
BrazilKM573;9525
BrazilKM574;9337
BrazilKM574;9337
BrazilKM575.1;6794
BrazilKM575.1;6794
BrazilKM575.1;6794
BrazilKM575.1;6794
BrazilKM575.1;6794
BrazilKM585;5383
BrazilKM589;14495
BrazilKM589;14495
BrazilKM589;14495
BrazilKM589;14495
BrazilKM589;14495
BrazilKM576.1;6437
BrazilKM576.1;6437
BrazilKM576.1;6437
BrazilKM576.1;6437
BrazilKM576.1;6437
BrazilKM576.1;6437
BrazilKM586;5384
BrazilKM586;5384
BrazilKM577;2821
BrazilKM577;2821
BrazilKM577;2821
BrazilKM577;2821
BrazilKM577;2821
BrazilKM587;3816
BrazilKM587;3816
BrazilKM587;3816
BrazilKM587;3816
BrazilKM587;3816
BrazilKM587;3816
BrazilKM578;2243
BrazilKM578;2243
BrazilKM578;2243
BrazilKM578;2243
BrazilKM578.1a;7052
BrazilKM578.1a;7052
BrazilKM578.1a;7052
BrazilKM578.1a;7052
BrazilKM578.1a;7052
BrazilKM578.1a;7052
BrazilKM578.1a;7052
BrazilKM578.1a;7052
BrazilKM578.1a;7052
BrazilKM578.1a;7052
BrazilKM578.1a;7052
BrazilKM579;1016
BrazilKM579;1016
BrazilKM579;1016
BrazilKM579;1016
BrazilKM579.1a;8850
BrazilKM579.1a;8850
BrazilKM579.1a;8850
BrazilKM579.1a;8850
BrazilKM579.1a;8850
BrazilKM579.1a;8850
BrazilKM579.1a;8850
BrazilKM579.1a;8850
BrazilKM579.1a;8850
BrazilKM580;8851
BrazilKM580a;1050
BrazilKM580a;1050
BrazilKM580a;1050
BrazilKM580b;5382
BrazilKM580b;5382
BrazilKM580b;5382
BrazilKM580b;5382
BrazilKM580b;5382
BrazilKM580b;5382
BrazilKM580b;5382
BrazilKM580b;5382
BrazilKM580b;5382
BrazilKM580b;5382
BrazilKM581;2248
BrazilKM581;2248
BrazilKM582;7725
BrazilKM582;7725
BrazilKM581a;8852
BrazilKM581a;8852
BrazilKM581a;8852
BrazilKM581a;8852
BrazilKM590;2247
BrazilKM590;2247
BrazilKM590;2247
BrazilKM590;2247
BrazilKM590;2247
BrazilKM590;2247
BrazilKM590;2247
BrazilKM590;2247
BrazilKM590;2247
BrazilKM590;2247
BrazilKM598;10244
BrazilKM598;10244
BrazilKM591;2576
BrazilKM591;2576
BrazilKM591;2576
BrazilKM591;2576
BrazilKM591;2576
BrazilKM591;2576
BrazilKM591;2576
BrazilKM599;16637
BrazilKM588;33393
BrazilKM592;2241
BrazilKM592;2241
BrazilKM592;2241
BrazilKM592;2241
BrazilKM592;2241
BrazilKM592;2241
BrazilKM592;2241
BrazilKM592;2241
BrazilKM592;2241
BrazilKM592;2241
BrazilKM592;2241
BrazilKM583;14499
BrazilKM593;5385
BrazilKM593;5385
BrazilKM593;5385
BrazilKM593;5385
BrazilKM593;5385
BrazilKM593;5385
BrazilKM593;5385
BrazilKM593;5385
BrazilKM593;5385
BrazilKM593;5385
BrazilKM594;2246
BrazilKM594;2246
BrazilKM594;2246
BrazilKM594;2246
BrazilKM594;2246
BrazilKM594;2246
BrazilKM594;2246
BrazilKM594;2246
BrazilKM595;4052
BrazilKM595;4052
BrazilKM595;4052
BrazilKM595;4052
BrazilKM596;10252
BrazilKM596;10252
BrazilKM596;10252
BrazilKM597;5386
BrazilKM597;5386
BrazilKM597;5386
BrazilKM597;5386
BrazilKM600;5387
BrazilKM600;5387
BrazilKM600;5387
BrazilKM601;3759
BrazilKM602;4051
BrazilKM602;4051
BrazilKM602;4051
BrazilKM602;4051
BrazilKM603;5389
BrazilKM603;5389
BrazilKM603;5389
BrazilKM603;5389
BrazilKM604;3758
BrazilKM604;3758
BrazilKM604;3758
BrazilKM604;3758
BrazilKM604;3758
BrazilKM605;3509
BrazilKM605;3509
BrazilKM605;3509
BrazilKM605;3509
BrazilKM605;3509
BrazilKM605;3509
BrazilKM606;4696
BrazilKM606;4696
BrazilKM606;4696
BrazilKM606;4696
BrazilKM606;4696
BrazilKM606;4696
BrazilKM607;3538
BrazilKM607;3538
BrazilKM607;3538
BrazilKM607;3538
BrazilKM608;15375
BrazilKM609;14501
BrazilKM610;14502
BrazilKM611;6335
BrazilKM611;6335
BrazilKM612;4980
BrazilKM612;4980
BrazilKM613;3443
BrazilKM613;3443
BrazilKM613;3443
BrazilKM613;3443
BrazilKM614;5390
BrazilKM614;5390
BrazilKM614;5390
BrazilKM615;14500
BrazilKM616;28870
BrazilKM617;5388
BrazilKM617;128326
BrazilKM617;128326
BrazilKM617;5388
BrazilKM618;4697
BrazilKM618;4697
BrazilKM618;4697
BrazilKM618;4697
BrazilKM618;4697
BrazilKM619.1;4527
BrazilKM619.1;4527
BrazilKM619.1;4527
BrazilKM619.1;4527
BrazilKM619.1;4527
BrazilKM619.1;4527
BrazilKM620;6729
BrazilKM620;6729
BrazilKM620;6729
BrazilKM620;6729
BrazilKM620;6729
BrazilKM623;5391
BrazilKM623;128321
BrazilKM623;128321
BrazilKM623;5391
BrazilKM623;5391
BrazilKM623;128321
BrazilKM623;5391
BrazilKM623;128321
BrazilKM621;30273
BrazilKM624;128322
BrazilKM624;2300
BrazilKM624;128322
BrazilKM624;2300
BrazilKM624;2300
BrazilKM624;128322
BrazilKM624;128322
BrazilKM624;2300
BrazilKM626;5392
BrazilKM626;128324
BrazilKM626;128324
BrazilKM626;5392
BrazilKM626;5392
BrazilKM626;128324
BrazilKM626;5392
BrazilKM626;128324
BrazilKM622;37649
BrazilKM625;14155
BrazilKM627;128297
BrazilKM627;5393
BrazilKM627;5393
BrazilKM627;128297
BrazilKM627;128297
BrazilKM627;5393
BrazilKM628;5394
BrazilKM628;128299
BrazilKM628;128299
BrazilKM628;5394
BrazilKM628;5394
BrazilKM628;128299
BrazilKM628;128299
BrazilKM628;5394
BrazilKM629;128301
BrazilKM629;14154
BrazilKM629;14154
BrazilKM629;128301
BrazilKM629;128301
BrazilKM630;128303
BrazilKM630;9370
BrazilKM630;128303
BrazilKM630;128303
BrazilKM630;9370
BrazilKM631;2832
BrazilKM631;2832
BrazilKM631;2832
BrazilKM631;2832
BrazilKM647;4049
BrazilKM647;4049
BrazilKM647;4049
BrazilKM647;4049
BrazilKM647;4049
BrazilKM647;4049
BrazilKM647;4049
BrazilKM632;1104
BrazilKM632;1104
BrazilKM632;1104
BrazilKM632;1104
BrazilKM648;1049
BrazilKM648;1049
BrazilKM648;1049
BrazilKM648;1049
BrazilKM648;1049
BrazilKM648;1049
BrazilKM648;1049
BrazilKM648;1049
BrazilKM648;1049
BrazilKM648;1049
BrazilKM648;1049
BrazilKM648;1049
BrazilKM648;1049
BrazilKM648;1049
BrazilKM648;1049
BrazilKM648;1049
BrazilKM648;1049
BrazilKM648;1049
BrazilKM648;1049
BrazilKM648;1049
BrazilKM648;1049
BrazilKM633;2822
BrazilKM633;2822
BrazilKM633;2822
BrazilKM633;2822
BrazilKM641;11094
BrazilKM649;2253
BrazilKM649;2253
BrazilKM649;2253
BrazilKM649;2253
BrazilKM649;2253
BrazilKM649;2253
BrazilKM649;2253
BrazilKM649;2253
BrazilKM649;2253
BrazilKM649;2253
BrazilKM649;2253
BrazilKM649;2253
BrazilKM649;2253
BrazilKM649;2253
BrazilKM649;2253
BrazilKM649;2253
BrazilKM649;2253
BrazilKM649;2253
BrazilKM649;2253
BrazilKM649;2253
BrazilKM649;2253
BrazilKM634;2242
BrazilKM634;2242
BrazilKM642;11095
BrazilKM650;2252
BrazilKM650;2252
BrazilKM650;2252
BrazilKM650;2252
BrazilKM650;2252
BrazilKM650;2252
BrazilKM650;2252
BrazilKM650;2252
BrazilKM650;2252
BrazilKM650;2252
BrazilKM650;2252
BrazilKM650;2252
BrazilKM650;2252
BrazilKM650;2252
BrazilKM650;2252
BrazilKM650;2252
BrazilKM650;2252
BrazilKM650;2252
BrazilKM650;2252
BrazilKM650;2252
BrazilKM650;2252
BrazilKM650;2252
BrazilKM650;2252
BrazilKM650;2252
BrazilKM635;2823
BrazilKM635;2823
BrazilKM651;8895
BrazilKM651;8895
BrazilKM651;8895
BrazilKM651a;666
BrazilKM651a;666
BrazilKM651a;666
BrazilKM651a;666
BrazilKM651a;666
BrazilKM651a;666
BrazilKM651a;666
BrazilKM651a;666
BrazilKM651a;666
BrazilKM651a;666
BrazilKM651a;666
BrazilKM651a;666
BrazilKM651a;666
BrazilKM651a;666
BrazilKM651a;666
BrazilKM651a;666
BrazilKM636;3198
BrazilKM652;3817
BrazilKM652;3817
BrazilKM653;11096
BrazilKM652a;8896
BrazilKM652a;8896
BrazilKM652a;8896
BrazilKM652a;8896
BrazilKM652a;8896
BrazilKM652a;8896
BrazilKM652a;8896
BrazilKM652a;8896
BrazilKM652a;8896
BrazilKM652a;8896
BrazilKM652a;8896
BrazilKM652a;8896
BrazilKM652a;8896
BrazilKM652a;8896
BrazilKM652a;8896
BrazilKM652a;8896
BrazilKM656;6385
BrazilKM668;6439
BrazilKM668;6439
BrazilKM679;36721
BrazilKM679;36721
BrazilKM687;68043
BrazilKM687;68043
BrazilKM687;68043
BrazilKM687;68043
BrazilKM688;68045
BrazilKM688;68045
BrazilKM688;68045
BrazilKM688;68045
BrazilKM689;68046
BrazilKM689;68046
BrazilKM689;68046
BrazilKM690;68044
BrazilKM690;68044
BrazilKM690;68044
BrazilKM690;68044
BrazilKM704;71696
BrazilKM704;71696
BrazilKM704;71696
BrazilKM704;71696
BrazilKM705;71695
BrazilKM705;71695
BrazilKM705;71695
BrazilKM705;71695
BrazilKM706;71698
BrazilKM706;71698
BrazilKM706;71698
BrazilKM706;71698
BrazilKM707;71697
BrazilKM707;71697
BrazilKM707;71697
BrazilKM707;71697
BrazilKM708;75158
BrazilKM708;75158
BrazilKM708;75158
BrazilKM708;75158
BrazilKM709;75273
BrazilKM709;75273
BrazilKM709;75273
BrazilKM709;75273
BrazilKM710;75275
BrazilKM710;75275
BrazilKM710;75275
BrazilKM710;75275
BrazilKM711;75274
BrazilKM711;75274
BrazilKM711;75274
BrazilKM711;75274
BrazilKM723;71605
BrazilKM723;71605
BrazilKM724;83619
BrazilKM724;83619
BrazilKM725;83620
BrazilKM725;83620
BrazilKM726;83621
BrazilKM726;83621
BrazilKM727;83622
BrazilKM727;83622
Brazil;177625
BrazilKM657;37677
BrazilKM658;37676
BrazilKM663;37680
BrazilKM671;40354
BrazilKM672;25379
BrazilKM691;61602
BrazilKM692;61640
BrazilKM693;61641
BrazilKM694;61678
BrazilKM695;61679
BrazilKM696;61680
BrazilKM645;41515
BrazilKM638;41513
BrazilKM654;41503
BrazilKM661;37678
BrazilKM673;41478
BrazilKM677;41477
BrazilKM680;36934
BrazilKM686;71600
BrazilKM697;76454
BrazilKM698;76457
BrazilKM699;76458
BrazilKM700;77601
BrazilKM701;61385
BrazilKM702;56154
BrazilKM712;76460
BrazilKM713;77471
BrazilKM714;76462
BrazilKM715;76463
BrazilKM716;77522
BrazilKM717;76461
BrazilKM718;77590
BrazilKM719;77589
BrazilKM720;97962
BrazilKM728;83627
BrazilKM729;83626
BrazilKM730;83625
BrazilKM731;83624
BrazilKM732;97454
BulgariaKM59;4916
BulgariaKM85;1984
BulgariaKM63;3381
BulgariaKM205;6804
BulgariaKM237a;28610
CanadaKM49;433
CanadaKM49;433
CanadaKM59;432
CanadaKM59;432
CanadaKM59;432
CanadaKM59;432
CanadaKM127;429
CanadaKM132;427
CanadaKM132;427
CanadaKM132;427
CanadaKM132;427
CanadaKM181;425
CanadaKM181;425
CanadaKM204;426
CanadaKM289;424
CanadaKM289b;155562
CanadaKM445b;155561
CanadaKM490;421
CanadaKM490;421
CanadaKM490;421
CanadaKM490a;19977
CanadaKM446;397
CanadaKM491;395
CanadaKM491;395
CanadaKM491;395
CanadaKM491;395
CanadaKM491;395
CanadaKM491;395
CanadaKM77;7518
CanadaKM77;7518
CanadaKM183;380
CanadaKM183b;3565
CanadaKM412;378
CanadaKM492;377
CanadaKM492;377
CanadaKM62b;3863
CanadaKM62b;3863
CanadaKM62b;3863
CanadaKM74;364
CanadaKM184;351
CanadaKM184;351
CanadaKM346;347
CanadaKM353;340
CanadaKM373;336
CanadaKM376;328
CanadaKM377;334
CanadaKM448;327
CanadaKM493;325
CanadaKM493;325
CanadaKM493;325
CanadaKM493;325
CanadaKM493;325
CanadaKM493;325
CanadaKM493;325
CanadaKM1063;8610
CanadaKM157;465
CanadaKM186;467
CanadaKM1255;32604
CanadaKM1255;32604
CanadaKM270;476
CanadaKM496;479
CanadaKM837;30139
CanadaKM1257;32192
CanadaKM1257;32192
CentralAfricanStatesKM9;1806
ChileKM192;6809
ChileKM190;2949
ChileKM202;5401
ChileKM231;1866
ChileKM209;988
ChileKM232;2843
ChileKM232;2843
ChileKM210;2689
ChileKM218;2842
ChileKM228;2756
ChileKM228;2756
ChileKM228;2756
ChileKM219;2834
ChileKM226;2302
ChileKM236;2845
ChileKM236;2845
ChileKM235;2722
ChileKM235;2722
China,People'sRepublicofKM1212;1588
HongKongKM66;1579
HongKongKM67;1584
ColombiaKM244;5098
ColombiaKM282;2847
ColombiaKM283;1073
ColombiaKM285;2433
ColombiaKM296;34772
ColombiaKM287;1051
ColombiaKM297;34773
ColombiaKM286;2432
ColombiaKM286;2432
ColombiaKM298;34774
ColombiaKM298;34774
CroatiaKM14;4811
CroatiaKM8;1987
CroatiaKM9.1;1988
CroatiaKM20;4816
CroatiaKM10;301
CubaKM105;2854
CubaKM575;960
CubaKM576;1054
CubaKM576;1054
CubaKM577;1056
CubaKM579;2604
CyprusKM81;2176
CzechRepublicKM3;2156
CzechRepublicKM7;2150
CzechRepublicKM7;2150
CzechRepublicKM7;2150
CzechRepublicKM9;2155
CzechRepublicKM9;2155
CzechRepublicKM9;2155
CzechRepublicKM9;2155
CzechRepublicKM8;2149
CzechRepublicKM8;2149
CzechRepublicKM8;2149
CzechRepublicKM8;2149
CzechRepublicKM4;2152
CzechRepublicKM4;2152
CzechRepublicKM4;2152
CzechRepublicKM4;2152
CzechRepublicKM4;2152
CzechRepublicKM5;2148
CzechRepublicKM5;2148
CzechRepublicKM1;3968
CzechoslovakiaKM74;2021
CzechoslovakiaKM74;2021
CzechoslovakiaKM50;2644
CzechoslovakiaKM60;2013
DenmarkKM861;1411
EcuadorKM89;1761
EcuadorKM99;5014
EcuadorKM107;3373
EcuadorKM108;7435
EgyptKM556;1820
EgyptKM940a;26558
FinlandKM100;91
FinlandKM100;13319
FranceF138;321
FranceF192;890
FranceF219;707
FranceF219;707
FranceF223;298
FranceF450;688
FranceF125;2
FranceF125;2
FranceKM929;3
FranceKM929;3
FranceKM929;3
FranceKM929;3
FranceKM929;3
FranceKM929;3
FranceKM929;3
FranceKM929;3
FranceKM929;3
FranceF156;4
FranceF156;4
FranceF156;4
FranceF156;4
FranceF156;4
FranceF156;4
FranceF198;5
FranceF198;5
FranceF198;5
FranceF198;5
FranceF198;5
FranceF226;6
FranceF226;6
FranceF226;6
FranceF226;6
FranceF226;6
FranceF226;6
FranceF226;6
FranceKM942.1;7
FranceF341;8
FranceF365;683
FranceF375;9
FranceF375;9
FranceKM1282;97
FranceKM1283;98
FranceKM1283;98
FranceKM1283;98
FranceKM1283;98
FranceKM1283;98
FranceKM1284;99
FranceKM1284;99
FranceKM1284;99
FranceKM1285;100
FranceKM1285;100
FranceKM1285;100
FranceKM1410;3510
FranceKM1287;102
FranceKM1288;103
FrenchWestAfricaKM5;2857
GermanDemocraticRepublicKM35;2031
GermanDemocraticRepublicKM48;2030
GermanDemocraticRepublicKM22.1a;129712
GermanDemocraticRepublicKM29;3058
GermanDemocraticRepublicKM37;6622
GermanDemocraticRepublicKM90;24026
GermanDemocraticRepublicKM122;2831
GermanDemocraticRepublicKM133;3026
GermanDemocraticRepublicKM135;2827
GermanDemocraticRepublicKM38;4701
GermanDemocraticRepublicKM44;10538
GermanDemocraticRepublicKM50;5879
GermanDemocraticRepublicKM61;12485
GermanDemocraticRepublicKM125;12488
GermanDemocraticRepublicKM34;10540
GermanDemocraticRepublicKM40;10556
GermanDemocraticRepublicKM42;10557
GermanDemocraticRepublicKM47;7166
GermanDemocraticRepublicKM139;18292
Germany-1871-1948KM10;853
Germany-1871-1948KM89;1912
Germany-FederalRepublicKMA101;3423
Germany-FederalRepublicKM105;854
Germany-FederalRepublicKM105;854
Germany-FederalRepublicKM105;854
Germany-FederalRepublicKM105;854
Germany-FederalRepublicKM105;854
Germany-FederalRepublicKM105;854
Germany-FederalRepublicKM105;854
Germany-FederalRepublicKM105;854
Germany-FederalRepublicKM105;854
Germany-FederalRepublicKM105;854
Germany-FederalRepublicKM105;854
Germany-FederalRepublicKM105;854
Germany-FederalRepublicKM106;852
Germany-FederalRepublicKM106;852
Germany-FederalRepublicKM106;852
Germany-FederalRepublicKM106;852
Germany-FederalRepublicKM106a;1937
Germany-FederalRepublicKM106a;1937
Germany-FederalRepublicKM106a;1937
Germany-FederalRepublicKM106a;1937
Germany-FederalRepublicKM106a;1937
Germany-FederalRepublicKM106a;1937
Germany-FederalRepublicKM106a;1937
Germany-FederalRepublicKM102;3424
Germany-FederalRepublicKM107;658
Germany-FederalRepublicKM107;658
Germany-FederalRepublicKM107;658
Germany-FederalRepublicKM107;658
Germany-FederalRepublicKM107;658
Germany-FederalRepublicKM103;3425
Germany-FederalRepublicKM103;3425
Germany-FederalRepublicKM108;850
Germany-FederalRepublicKM108;850
Germany-FederalRepublicKM108;850
Germany-FederalRepublicKM108;850
Germany-FederalRepublicKM108;850
Germany-FederalRepublicKM108;850
Germany-FederalRepublicKM108;850
Germany-FederalRepublicKM108;850
Germany-FederalRepublicKM104;1955
Germany-FederalRepublicKM109;847
Germany-FederalRepublicKM109;847
Germany-FederalRepublicKM109;847
Germany-FederalRepublicKM109;847
Germany-FederalRepublicKM110;846
Germany-FederalRepublicKM124;844
Germany-FederalRepublicKM149;1934
Germany-FederalRepublicKM140.1;843
Germany-FederalRepublicKM207;105
Germany-FederalRepublicKM208;106
Germany-FederalRepublicKM209;107
Germany-FederalRepublicKM209;107
Germany-FederalRepublicKM209;107
Germany-FederalRepublicKM210;108
Germany-FederalRepublicKM210;108
Germany-FederalRepublicKM211;109
Germany-FederalRepublicKM255;6319
Germany-FederalRepublicKM212;110
Germany-FederalRepublicKM213;111
Germany-FederalRepublicKM214;112
GreeceKM116;543
GreeceKM117;548
GreeceKM118;554
GreeceKM131;555
GreeceKM119;559
GreeceKM132;560
GreeceKM154;579
GreeceKM181;113
GreeceKM182;114
GreeceKM183;115
GreeceKM183;115
GreeceKM184;116
GreeceKM211;4293
GreeceKM185;117
GreeceKM186;118
GreeceKM187;119
GreeceKM187;119
HungaryKM573;2368
HungaryKM573;2368
HungaryKM692;1999
HungaryKM693;812
HungaryKM693;812
HungaryKM693;812
HungaryKM694;1998
HungaryKM847;28729
HungaryKM695;810
HungaryKM848;28731
HungaryKM696;809
HungaryKM849;28733
HungaryKM697;808
HungaryKM721;807
HungaryKM721;807
IcelandKM35;1547
IndiaKM331;5019
IndiaKM395;24942
IndiaKM154;1608
IranKM1266;6998
IranKM1261;1694
IrelandKM32;121
IrelandKM33;122
IrelandKM34;123
IrelandKM35;124
IrelandKM37;126
IsraelKM158;1715
IsraelKM173;7081
IsraelKM160;1076
IsraelKM270;2720
ItalyKM61;2395
ItalyKM92;730
ItalyKM90;2396
ItalyKM93;728
ItalyKM95.1;724
ItalyKM95.1;724
ItalyKM95.1;724
ItalyKM95.1;724
ItalyKM96.1;304
ItalyKM96.1;304
ItalyKM96.1;304
ItalyKM96.1;304
ItalyKM96.1;304
ItalyKM96.1;304
ItalyKM96.1;304
ItalyKM96.1;304
ItalyKM96.1;304
ItalyKM102;4254
ItalyKM159;722
ItalyKM105;303
ItalyKM105;303
ItalyKM105;303
ItalyKM105;303
ItalyKM135;2552
ItalyKM111;302
ItalyKM160;716
ItalyKM167;715
ItalyKM210;129
ItalyKM211;130
ItalyKM211;130
ItalyKM211;130
ItalyKM211;130
ItalyKM212;131
ItalyKM212;131
ItalyKM212;131
ItalyKM213;132
ItalyKM213;132
ItalyKM214;133
ItalyKM215;134
ItalyKM215;134
ItalyKM216;135
ItalyKM216;135
ItalyKM216;135
ItalyKM250;6383
JamaicaKM182;2441
JapanY74;1590
JapanY72a;929
JapanY72a;929
JapanY72a;929
JapanY72a;929
JapanY72a;929
JapanY72a;929
JapanY72a;929
JapanY96;2676
JapanY96;2676
JapanY96;2676
JapanY73a;922
JapanY73a;922
JapanY97;3047
JapanY101;2120
JapanY98;2121
JapanY125;2122
LuxembourgKM75;137
LuxembourgKM76;138
LuxembourgKM76;138
MexicoKM424;3136
MexicoKM426;953
MexicoKM440;959
MexicoKM459;3550
MexicoKM460;1105
MexicoKM493;961
MexicoKM548;582
MexicoKM549;583
MexicoKM549;583
MexicoKM936;18097
MexicoKM550;584
MexicoKM550;584
MexicoKM603;585
MexicoKM603;585
MexicoKM603;585
MexicoKM603;585
MexicoKM603;585
MexicoKM603;585
MexicoKM551;586
MexicoKM604;587
MexicoKM604;587
MexicoKM604;587
MexicoKM604;587
MexicoKM552;588
MexicoKM605;589
MexicoKM605;589
MexicoKM605;589
MexicoKM605;589
MexicoKM605;589
MexicoKM616;591
MoroccoY116;2322
MoroccoY138;24328
MoroccoY138;24328
MoroccoY56;661
MoroccoY88;1714
MoroccoY117;2319
MoroccoY118;2320
MoroccoY118;2320
MoroccoY72;799
MoroccoY82;660
MoroccoY140;27352
MoroccoY141;27395
MoroccoY141;27395
NetherlandsKM180;733
NetherlandsKM202;732
NetherlandsKM163;2838
NetherlandsKM177;3115
NetherlandsKM182;734
NetherlandsKM182;734
NetherlandsKM182;734
NetherlandsKM183;656
NetherlandsKM183;656
NetherlandsKM204;731
NetherlandsKM184a;738
NetherlandsKM210;1283
NetherlandsKM210;1283
NetherlandsKM234;145
NetherlandsKM235;146
NetherlandsKM236;147
NetherlandsKM236;147
NetherlandsKM241;152
NetherlandsAntillesKM32;1041
NetherlandsAntillesKM34;1043
NetherlandsAntillesKM36;8976
NetherlandsAntillesKM91;64393
NewZealandKM41;2330
NewZealandKM41;2330
NewZealandKM61;3523
NewZealandKM62;3914
NewZealandKM37;3915
NicaraguaKM11;4339
NorwayKM436;1443
NorwayKM462;1444
PanamaKM125;2850
PanamaKM23;1083
PanamaKM126;9553
PanamaKM127;2851
PanamaKM11.2a;3034
PanamaKM128;1347
PanamaKM136;7986
ParaguayKM12;4345
ParaguayKM20;4635
ParaguayKM26;5146
ParaguayKM153;4974
ParaguayKM167;4975
ParaguayKM154;4976
ParaguayKM169;4977
ParaguayKM177b;4979
ParaguayKM177b;4979
ParaguayKM177b;4979
ParaguayKM195;4464
ParaguayKM195a;7615
ParaguayKM198;9762
PeruKM220;5310
PeruKM266.1;985
PeruKM271;933
PeruKM272;992
PeruKM273;3265
PeruKM283;2633
PeruKM289;7412
PeruKM304.4a;7423
PeruKM305;2446
PeruKM305;2446
PeruKM305;2446
PeruKM306;5422
PeruKM307;2444
PeruKM307;2444
PeruKM308;2443
PeruKM308;2443
PeruKM362;32238
PeruKM366;37083
PeruKM389;73666
PeruKM313;3004
PeruKM343;19072
PeruKM316;4092
PeruKM344;17669
PolandY276;526
PolandY276;526
PolandY277;525
PolandY277;525
PolandY277;525
PolandY277;525
PolandY278;524
PolandY279;523
PolandY280;522
PolandY281;521
PolandY282;520
PolandY283;518
PolandY283;518
PolandY823;34166
PortugalKM577;991
PortugalKM577;991
PortugalKM577;991
PortugalKM590;774
PortugalKM591;772
PortugalKM591;772
PortugalKM591;772
PortugalKM591;772
PortugalKM632;773
PortugalKM633;771
PortugalKM633;771
PortugalKM592;6580
PortugalKM634;1243
PortugalKM607a;2384
PortugalKM636;770
PortugalKM645;1242
PortugalKM740;153
PortugalKM741;154
PortugalKM741;154
PortugalKM742;155
PortugalKM742;155
PortugalKM742;155
PortugalKM742;155
PortugalKM743;156
PortugalKM763;9895
PortugalKM744;157
PortugalKM745;158
PortugalKM765;9609
PortugalKM747;160
RomaniaKM88;2798
RomaniaKM95;838
RomaniaKM189;6270
RussiaY600;1220
RussiaY601;1218
RussiaY602a;4578
RussiaY602a;4578
RussiaY603;1729
RussiaY603a;4580
RussiaY603a;4580
RussiaY603a;4580
RussiaY604;1730
RussiaY833;2088
RussiaY833;2088
RussiaY833a;24546
RussiaY834;4829
RussiaY799a;22538
Russia;148438
SovietUnionY126a;767
SovietUnionY126a;767
SovietUnionY130;764
SovietUnionY130;764
SovietUnionY131;2084
SovietUnionY131;2084
SovietUnionY132;763
SovietUnionY141;4591
SlovakiaKM35;2489
SlovakiaKM12;2486
SlovakiaKM12;2486
SlovakiaKM12;2486
SlovakiaKM13;2485
SlovakiaKM13;2485
SlovakiaKM13;2485
SlovakiaKM13;2485
SlovakiaKM13;2485
SlovakiaKM11;2484
SlovakiaKM95;5084
SlovakiaKM96;5085
SlovakiaKM98;5087
SloveniaKM7;2143
SloveniaKM8;2146
SloveniaKM3;2142
SloveniaKM4;2145
SloveniaKM68;236
SloveniaKM69;237
SouthAfricaKM328;2900
SouthAfricaKM342;2903
SouthAfricaKM273;2913
SouthAfricaKM140;2234
SouthAfricaKM229;2295
SouthKoreaKM34;1653
SouthKoreaKM35;1052
SpainKM790;673
SpainKM777;671
SpainKM796;786
SpainKM796;786
SpainKM796;786
SpainKM796;786
SpainKM806;787
SpainKM806;787
SpainKM806;787
SpainKM806;787
SpainKM821;789
SpainKM786;781
SpainKM786;781
SpainKM786;781
SpainKM807;782
SpainKM807;782
SpainKM807;782
SpainKM807;782
SpainKM807;782
SpainKM807;782
SpainKM817;946
SpainKM833;1262
SpainKM833;1262
SpainKM833;1262
SpainKM960;1149
SpainKM960;1149
SpainKM981;783
SpainKM903;795
SpainKM904;2256
SpainKM920;2255
SpainKM933;779
SpainKM962;780
SpainKM826;1258
SpainKM826;1258
SpainKM1040;81
SpainKM1144;10856
SpainKM1041;82
SpainKM1041;82
SpainKM1145;10857
SpainKM1042;83
SpainKM1042;83
SpainKM1042;83
SpainKM1042;83
SpainKM1042;83
SpainKM1042;83
SpainKM1146;10854
SpainKM1146;10854
SpainKM1043;84
SpainKM1043;84
SpainKM1043;84
SpainKM1043;84
SpainKM1043;84
SpainKM1070;3372
SpainKM1044;85
SpainKM1045;86
SpainKM1045;86
SpainKM1046;87
SpainKM1047;88
SwedenKM813;2787
SwedenKM823;1510
SwedenKM850;1466
SwedenKM878;1507
SwedenKM826a;1516
SwedenKM852a;6862
SwedenKM928;88649
SwitzerlandKM26;168
SwitzerlandKM26c;171
SwitzerlandKM26c;171
SwitzerlandKM27;173
SwitzerlandKM29a;178
SwitzerlandKM23a;181
SwitzerlandKM21a;189
SwitzerlandKM40a;195
SwitzerlandKM40a;195
SyriaKM68;4832
TaiwanY551;966
ThailandY443;9226
ThailandY446;7236
ThailandY227;1643
TunisiaKM309;825
TunisiaKM304;1204
TurkeyKM891;5197
TurkeyKM893.2;1340
TurkeyKM1106;1322
TurkeyKM1243;7048
TurkeyKM1244;6163
UkraineKM1.1b;11192
UkraineKM2.1a;1970
UkraineKM3.3b;11198
UnitedArabEmiratesKM4a;68022
UnitedArabEmiratesKM16;1309
UnitedArabEmiratesKM16a;85091
UnitedArabEmiratesKM6.2;1310
UnitedKingdomKM852;1125
UnitedKingdomKM903;576
UnitedKingdomKM903;576
UnitedKingdomKM904;882
UnitedKingdomKM905;919
UnitedKingdomKM878;884
UnitedKingdomKM906;885
UnitedKingdomKM907;1069
UnitedKingdomKM915;665
UnitedKingdomKM915;665
UnitedKingdomKM915;665
UnitedKingdomKM935;861
UnitedKingdomKM935a;860
UnitedKingdomKM935a;860
UnitedKingdomKM986;862
UnitedKingdomKM986;862
UnitedKingdomKM986;862
UnitedKingdomKM986;862
UnitedKingdomKM986;862
UnitedKingdomKM1107;4038
UnitedKingdomKM916;664
UnitedKingdomKM916;664
UnitedKingdomKM936;867
UnitedKingdomKM936a;868
UnitedKingdomKM987;7398
UnitedKingdomKM1333;70544
UnitedKingdomKM911;873
UnitedKingdomKM937b;875
UnitedKingdomKM937b;875
UnitedKingdomKM988;876
UnitedKingdomKM988;876
UnitedKingdomKM988;876
UnitedKingdomKM1109d;25766
UnitedKingdomKM912;878
UnitedKingdomKM912;878
UnitedKingdomKM938b;879
UnitedKingdomKM989;2236
UnitedKingdomKM1110d;25746
UnitedKingdomKM931;865
UnitedKingdomKM931;865
UnitedKingdomKM931;865
UnitedKingdomKM939;1376
UnitedKingdomKM990;573
UnitedKingdomKM1111;5628
UnitedKingdomKM940.2;20700
UnitedKingdomKM991;864
UnitedKingdomKM1165;16649
UnitedKingdomKM1337;70552
UnitedKingdomKM934;1393
UnitedKingdomKM941;863
UnitedKingdomKM964;1384
UnitedKingdomKM972;1390
UnitedKingdomKM1341;71494
UnitedKingdomKM994;1324
UnitedStatesKM132;908
UnitedStatesKM201;42
UnitedStatesKM201;42
UnitedStatesKM201;42
UnitedStatesKM201;42
UnitedStatesKM201;42
UnitedStatesKM201;42
UnitedStatesKM201;42
UnitedStatesKM201;42
UnitedStatesKM201;42
UnitedStatesKM201;42
UnitedStatesKM201;42
UnitedStatesKM201;42
UnitedStatesKM201;42
UnitedStatesKM201;42
UnitedStatesKM201;42
UnitedStatesKM201;42
UnitedStatesKM201;42
UnitedStatesKM201;42
UnitedStatesKM201;42
UnitedStatesKM201;42
UnitedStatesKM201;42
UnitedStatesKM201;42
UnitedStatesKM201;42
UnitedStatesKM201;42
UnitedStatesKM201;42
UnitedStatesKM201;42
UnitedStatesKM201;42
UnitedStatesKM201;42
UnitedStatesKM201;42
UnitedStatesKM201;42
UnitedStatesKM201;42
UnitedStatesKM201;42
UnitedStatesKM201;42
UnitedStatesKM201a;43
UnitedStatesKM201a;43
UnitedStatesKM201a;43
UnitedStatesKM201a;43
UnitedStatesKM201a;43
UnitedStatesKM201a;43
UnitedStatesKM201a;43
UnitedStatesKM201a;43
UnitedStatesKM201a;43
UnitedStatesKM201a;43
UnitedStatesKM201a;43
UnitedStatesKM201a;43
UnitedStatesKM201a;43
UnitedStatesKM201a;43
UnitedStatesKM201a;43
UnitedStatesKM201a;43
UnitedStatesKM201a;43
UnitedStatesKM201a;43
UnitedStatesKM201a;43
UnitedStatesKM201a;43
UnitedStatesKM201a;43
UnitedStatesKM201a;43
UnitedStatesKM201a;43
UnitedStatesKM201a;43
UnitedStatesKM201a;43
UnitedStatesKM201a;43
UnitedStatesKM201a;43
UnitedStatesKM201a;43
UnitedStatesKM201a;43
UnitedStatesKM201a;43
UnitedStatesKM201a;43
UnitedStatesKM201a;43
UnitedStatesKM201a;43
UnitedStatesKM201a;43
UnitedStatesKM201a;43
UnitedStatesKM201a;43
UnitedStatesKM201a;43
UnitedStatesKM201a;43
UnitedStatesKM201a;43
UnitedStatesKM201a;43
UnitedStatesKM201a;43
UnitedStatesKM201a;43
UnitedStatesKM201a;43
UnitedStatesKM201a;43
UnitedStatesKM201a;43
UnitedStatesKM201a;43
UnitedStatesKM201a;43
UnitedStatesKM201a;43
UnitedStatesKM201a;43
UnitedStatesKM201a;43
UnitedStatesKM201a;43
UnitedStatesKM201a;43
UnitedStatesKM201a;43
UnitedStatesKM201a;43
UnitedStatesKM201a;43
UnitedStatesKM201a;43
UnitedStatesKM441;6731
UnitedStatesKM442;7214
UnitedStatesKM443;7579
UnitedStatesKM468;10969
UnitedStatesKM468;10969
UnitedStatesKM468;10969
UnitedStatesKM468;10969
UnitedStatesKM468;10969
UnitedStatesKM468;10969
UnitedStatesKM468;10969
UnitedStatesKM468;10969
UnitedStatesKM468;10969
UnitedStatesKM468;10969
UnitedStatesKM468;10969
UnitedStatesKM468;10969
UnitedStatesKM468;10969
UnitedStatesKM468;10969
UnitedStatesKM468;10969
UnitedStatesKM468;10969
UnitedStatesKM468;10969
UnitedStatesKM468;10969
UnitedStatesKM468;10969
UnitedStatesKM468;10969
UnitedStatesKM468;10969
UnitedStatesKM192;44
UnitedStatesKM192;44
UnitedStatesKM192;44
UnitedStatesKM192;44
UnitedStatesKM192;44
UnitedStatesKM192;44
UnitedStatesKM192;44
UnitedStatesKM192;44
UnitedStatesKM192;44
UnitedStatesKM192;44
UnitedStatesKM192;44
UnitedStatesKM192;44
UnitedStatesKM192;44
UnitedStatesKM192;44
UnitedStatesKM192;44
UnitedStatesKM192;44
UnitedStatesKM192;44
UnitedStatesKM192;44
UnitedStatesKM192;44
UnitedStatesKM192;44
UnitedStatesKM192;44
UnitedStatesKM192;44
UnitedStatesKM192;44
UnitedStatesKM192;44
UnitedStatesKM192;44
UnitedStatesKM192;44
UnitedStatesKM192;44
UnitedStatesKM192;44
UnitedStatesKM192;44
UnitedStatesKM192;44
UnitedStatesKM192;44
UnitedStatesKM192;44
UnitedStatesKM192;44
UnitedStatesKM360;46
UnitedStatesKM360;46
UnitedStatesKM361;47
UnitedStatesKM368;48
UnitedStatesKM369;49
UnitedStatesKM369;49
UnitedStatesKM381;50
UnitedStatesKM381;50
UnitedStatesKM381;50
UnitedStatesKM381;50
UnitedStatesKM381;50
UnitedStatesKM381;50
UnitedStatesKM381;50
UnitedStatesKM381;50
UnitedStatesKM381;50
UnitedStatesKM381;50
UnitedStatesKM381;50
UnitedStatesKM381;50
UnitedStatesKM381;50
UnitedStatesKM381;50
UnitedStatesKM381;50
UnitedStatesKM381;50
UnitedStatesKM195a;53
UnitedStatesKM195a;53
UnitedStatesKM195a;53
UnitedStatesKM195a;53
UnitedStatesKM195a;53
UnitedStatesKM195a;53
UnitedStatesKM195a;53
UnitedStatesKM195a;53
UnitedStatesKM195a;53
UnitedStatesKM195a;53
UnitedStatesKM195a;53
UnitedStatesKM195a;53
UnitedStatesKM195a;53
UnitedStatesKM195a;53
UnitedStatesKM195a;53
UnitedStatesKM195a;53
UnitedStatesKM195a;53
UnitedStatesKM195a;53
UnitedStatesKM195a;53
UnitedStatesKM195a;53
UnitedStatesKM195a;53
UnitedStatesKM195a;53
UnitedStatesKM195a;53
UnitedStatesKM195a;53
UnitedStatesKM195a;53
UnitedStatesKM195a;53
UnitedStatesKM195a;53
UnitedStatesKM195a;53
UnitedStatesKM195a;53
UnitedStatesKM195a;53
UnitedStatesKM195a;53
UnitedStatesKM195a;53
UnitedStatesKM195a;53
UnitedStatesKM195a;53
UnitedStatesKM195a;53
UnitedStatesKM195a;53
UnitedStatesKM195a;53
UnitedStatesKM195a;53
UnitedStatesKM195a;53
UnitedStatesKM195a;53
UnitedStatesKM195a;53
UnitedStatesKM195a;53
UnitedStatesKM195a;53
UnitedStatesKM195a;53
UnitedStatesKM195a;53
UnitedStatesKM195a;53
UnitedStatesKM195a;53
UnitedStatesKM195a;53
UnitedStatesKM195a;53
UnitedStatesKM195a;53
UnitedStatesKM195a;53
UnitedStatesKM195a;53
UnitedStatesKM195a;53
UnitedStatesKM195a;53
UnitedStatesKM195a;53
UnitedStatesKM195a;53
UnitedStatesKM195a;53
UnitedStatesKM195a;53
UnitedStatesKM195a;53
UnitedStatesKM195a;53
UnitedStatesKM195a;53
UnitedStatesKM195a;53
UnitedStatesKM195a;53
UnitedStatesKM195a;53
UnitedStatesKM195a;53
UnitedStatesKM195a;53
UnitedStatesKM195a;53
UnitedStatesKM195a;53
UnitedStatesKM195a;53
UnitedStatesKM195a;53
UnitedStatesKM195a;53
UnitedStatesKM195a;53
UnitedStatesKM145;3573
UnitedStatesKM164a;55
UnitedStatesKM164a;55
UnitedStatesKM164a;55
UnitedStatesKM164a;55
UnitedStatesKM164a;55
UnitedStatesKM164a;55
UnitedStatesKM164a;55
UnitedStatesKM164a;55
UnitedStatesKM164a;55
UnitedStatesKM164a;55
UnitedStatesKM164a;55
UnitedStatesKM164a;55
UnitedStatesKM164a;55
UnitedStatesKM164a;55
UnitedStatesKM164a;55
UnitedStatesKM164a;55
UnitedStatesKM164a;55
UnitedStatesKM164a;55
UnitedStatesKM164a;55
UnitedStatesKM164a;55
UnitedStatesKM164a;55
UnitedStatesKM164a;55
UnitedStatesKM164a;55
UnitedStatesKM164a;55
UnitedStatesKM164a;55
UnitedStatesKM164a;55
UnitedStatesKM164a;55
UnitedStatesKM164a;55
UnitedStatesKM164a;55
UnitedStatesKM164a;55
UnitedStatesKM204;56
UnitedStatesKM293;604
UnitedStatesKM294;605
UnitedStatesKM295;606
UnitedStatesKM296;607
UnitedStatesKM296;607
UnitedStatesKM297;608
UnitedStatesKM305;609
UnitedStatesKM305;609
UnitedStatesKM306;610
UnitedStatesKM307;611
UnitedStatesKM308;612
UnitedStatesKM309;613
UnitedStatesKM318;614
UnitedStatesKM318;614
UnitedStatesKM319;615
UnitedStatesKM319;615
UnitedStatesKM320;616
UnitedStatesKM320;616
UnitedStatesKM321;617
UnitedStatesKM322;618
UnitedStatesKM331;619
UnitedStatesKM332;620
UnitedStatesKM333;621
UnitedStatesKM334;622
UnitedStatesKM335;623
UnitedStatesKM343;624
UnitedStatesKM344;625
UnitedStatesKM345;626
UnitedStatesKM345;626
UnitedStatesKM346;627
UnitedStatesKM347;628
UnitedStatesKM355;629
UnitedStatesKM355;629
UnitedStatesKM356;630
UnitedStatesKM357;631
UnitedStatesKM358;632
UnitedStatesKM359;633
UnitedStatesKM370;634
UnitedStatesKM371;635
UnitedStatesKM372;636
UnitedStatesKM373;637
UnitedStatesKM374;638
UnitedStatesKM382;639
UnitedStatesKM383;640
UnitedStatesKM384;641
UnitedStatesKM385;642
UnitedStatesKM385;642
UnitedStatesKM386;643
UnitedStatesKM396;644
UnitedStatesKM397;645
UnitedStatesKM398;646
UnitedStatesKM399;647
UnitedStatesKM400;648
UnitedStatesKM400;648
UnitedStatesKM421;649
UnitedStatesKM422;650
UnitedStatesKM422;650
UnitedStatesKM423;651
UnitedStatesKM424;652
UnitedStatesKM425;653
UnitedStatesKM425;653
UnitedStatesKM445;5715
UnitedStatesKM471;15025
UnitedStatesKM494;19265
UnitedStatesKM496;22804
UnitedStatesKM497;24704
UnitedStatesKM498;24705
UnitedStatesKM520;32172
UnitedStatesKM522;33985
UnitedStatesKM523;33986
UnitedStatesKM542;43010
UnitedStatesKM542;43010
UnitedStatesKM543;43520
UnitedStatesKM544;43521
UnitedStatesKM545;43522
UnitedStatesKM546;43523
UnitedStatesKM546;43523
UnitedStatesKM567;58741
UnitedStatesKM568;58944
UnitedStatesKM569;58946
UnitedStatesKM597;69631
UnitedStatesKM598;69632
UnitedStatesKM599;69633
UnitedStatesKM601;69635
UnitedStatesKM635;84533
UnitedStatesKM636;83830
UnitedStatesKM637;83832
UnitedStatesKM637;83832
UnitedStatesKM638;83834
UnitedStatesKM638;83834
UnitedStatesKM653;99696
UnitedStatesKM654;99697
UnitedStatesKM655;99698
UnitedStatesKM657;99700
UnitedStates;130423
UnitedStates;130422
UnitedStates;130422
UnitedStates;155671
UnitedStates;155671
UnitedStates;155583
UnitedStates;155615
UnitedStatesKM142;4455
UnitedStatesKM199;2835
UnitedStatesKM202;943
UnitedStatesKM202a;10865
UnitedStatesKMA202b;6918
UnitedStatesKMA202b;6918
UnitedStatesKM203;1346
UnitedStatesKM207;3548
UnitedStatesKM310;923
UnitedStatesKM310;923
UnitedStatesKM310;923
UnitedStatesKM401;1491
UnitedStatesKM401;1491
UnitedStatesKM402;1497
UnitedStatesKM403;1498
UnitedStatesKM403;1498
UnitedStatesKM403;1498
UnitedStatesKM404;1499
UnitedStatesKM426;4951
UnitedStatesKM427;4953
UnitedStatesKM427;4953
UnitedStatesKM452;7577
UnitedStatesKM453;7578
UnitedStatesKM467;7282
UnitedStatesKM474;9953
UnitedStatesKM475;10334
UnitedStatesKM476;11130
UnitedStatesKM500;21839
UnitedStatesKM503;19974
UruguayKM20a;4372
UruguayKM25;4366
UruguayKM39;5286
UruguayKM36;10343
UruguayKM44;5301
UruguayKM45;5284
UruguayKM46;5289
UruguayKM49;5291
UruguayKM47;4265
UruguayKM50;5290
UruguayKM48;5288
UruguayKM51;980
UruguayKM56;5294
UruguayKM59;5296
UruguayKM69;4264
UruguayKM79;3630
UruguayKM96;7550
UruguayKM106;3055
UruguayKM106;3055
UruguayKM103;1096
UruguayKM103;1096
UruguayKM103;1096
UruguayKM103;1096
UruguayKM103;1096
UruguayKM103;1096
UruguayKM135;19103
UruguayKM135;19103
UruguayKM135;19103
UruguayKM104;3056
UruguayKM104;3056
UruguayKM104;3056
UruguayKM136;19104
UruguayKM136;19104
UruguayKM136;19104
UruguayKM120;3057
UruguayKM120;3057
UruguayKM120;3057
UruguayKM137;22259
UruguayKM121;4468
UruguayKM121;4468
UruguayKM134;22257
VaticanCityKM387;9996
VenezuelaY82;2565
VenezuelaY79;2536
VenezuelaY93;4540
WesternAfricanStatesKM9;1800
YugoslaviaKM31;945
YugoslaviaKM34;1909
YugoslaviaKM86;2417
YugoslaviaKM113;3292
YugoslaviaKM142;3290
